movieCd,movieNm,audiAcc,salesAcc,targetDt
20192567,원더 우먼 1984,548695,4947583400,20210324
20202703,뱅가드,29812,250386700,20210113
20040725,화양연화,114911,1019244080,20220224
20201002,조제,209062,1876179450,20210117
20192193,도굴,1544146,13950914410,20210119
20202647,나이팅게일,12181,99320420,20210106
20202130,빅풋 주니어2: 패밀리가 떴다,13524,112699280,20210117
20167904,라라랜드,3768585,31093057900,20230418
20202128,100% 울프: 푸들이 될 순 없어,14153,112849940,20210102
20181983,이웃사촌,427422,3671218790,20210104
20081445,굿바이,147277,929682240,20210105
20149629,비긴 어게인,3701400,29478715511,20241015
20207443,소울,2037876,18937199360,20210330
20202203,에이바,24517,187099250,20210107
20202931,완벽한 가족,8634,75045960,20210126
20196672,럭키 몬스터,5023,38212580,20210106
20206547,극장판 바이올렛 에버가든,56943,484044810,20210107
20200512,미스터 존스,7893,69195790,20210113
20182674,걸,3819,34984870,20210112
20202366,800,16489,140511500,20210108
20202666,가을의 마티네,3629,23445100,20210113
20198056,아이 엠 우먼,22918,186954270,20210131
20078386,블라인드,17208,150040100,20210126
20197277,#아이엠히어,14393,119570530,20210120
19910182,늑대와 춤을,7917,67581320,20210122
20203689,마이 미씽 발렌타인,5588,44293280,20210119
20205200,빛의 아버지: 파이널 판타지 XIV,1034,8429600,20210115
20201174,언플랜드,14310,121177260,20210114
20209926,세자매,77926,661362610,20210215
20149120,인터스텔라,10380296,83598454500,20241217
20202540,커넥트,13197,117924690,20210126
20198053,나는 나를 해고하지 않는다,15189,118628060,20210209
20201122,테넷,1996621,18440610170,20210126
20204506,래시 컴 홈,2431,14618450,20210120
20202924,파힘,5652,43239700,20210126
20204504,모추어리 컬렉션,3210,27500300,20210125
20201648,더 시크릿,1886,13773560,20210125
20200703,극장판 귀멸의 칼날: 무한열차편,2213329,21270419220,20250515
20204394,라스트 프론티어,1768,10454500,20210124
20214963,큰엄마의 미친봉고,1818,13067230,20210125
20201649,명탐정 코난: 진홍의 수학여행,56837,480755910,20210209
20150942,캐롤,361321,2991283735,20241122
20215041,토이 솔져스: 가짜사나이2 더 컴플리트,9104,86552800,20210202
20202204,더 렌탈 : 소리없는 감시자,9427,70053280,20210127
20201022,북스마트,12320,79642270,20210205
20199022,관계의 가나다에 있는 우리는,2141,14715000,20210127
20198663,고백,31374,222825000,20210310
20204628,사일런싱,3234,24917500,20210201
20135428,어바웃 타임,3448791,25306084300,20220528
20190582,내가 죽던 날,234322,2141447020,20210131
20190323,새해전야,166671,1539452090,20210223
20215301,어니스트 씨프,80784,716834260,20210304
20202792,스트레스 제로,5937,44535200,20210207
20209627,아이,35794,289060650,20210223
20201692,이 안에 외계인이 있다,705,6158810,20210203
20080269,해피 투게더,47222,436614106,20230331
20204333,페어웰,8678,73296000,20210209
20200472,세상의 모든 디저트: 러브 사라,4117,34573140,20210209
20205980,테슬라,24941,192342950,20210207
20199541,미션 파서블,444052,4046949740,20210324
20202263,호라이즌 라인,2796,13942160,20210209
20214981,몬스터 헌터,101565,967897100,20210223
20050310,해리 포터와 불의 잔,3496787,22073058400,20210303
20203009,드림빌더,15930,135423210,20210216
20202289,엘프,11566,97362720,20210221
20215810,송가인 더 드라마 ,11856,136756000,20210215
20200311,더블패티,15271,131378460,20210326
20202812,마리오네트,4681,37537900,20210220
20202394,시간의 끝에서 널 기다려,1364,10715400,20210217
20198501,빛과 철,7028,58285450,20210223
20214848,퍼펙트 케어,23579,199303090,20210302
20200263,라야와 마지막 드래곤,316986,2929684550,20210411
20215843,카오스 워킹,141768,1190732690,20210310
20202555,톰과 제리,132625,1139360450,20210310
20209013,워 위드 그랜파,12983,106842170,20210302
20215862,라스트 레터,8165,69326710,20210302
20215221,더 레이서,11574,94399840,20210309
20215992,극장판 페이트/그랜드 오더 신성원탁영역 카멜롯 완더링; 아가트람,1869,17227740,20210225
20205144,미나리,1128307,10172820920,20210528
20216555,아르코 라이브 뮤지컬 호프,3577,71524000,20210309
20071054,중경삼림,96760,907948470,20220522
20200364,정말 먼 곳,4274,34760950,20210319
20215486,쁘떼뜨,713,5744500,20210310
20010083,반지의 제왕 : 반지원정대,33658,407305530,20210317
20216051,리스타트,40059,356329620,20210526
20216022,웨이 다운,11711,103203230,20210316
20216321,내일도 우린 사랑하고 있을까,1900,11449200,20210311
20215056,아이 씨 유,8323,76511790,20210316
20216069,모리타니안,37455,336138180,20210324
20179942,러빙 빈센트,416582,3318166851,20210317
20216361,브레이브 언더 파이어,14348,113390700,20210328
20030371,태극기 휘날리며,2546967,15698270000,20210317
20020234,반지의 제왕 : 두 개의 탑,24331,287764940,20210323
20030316,반지의 제왕 : 왕의 귀환,725600,4667781700,20210324
20216768,몬테크리스토: 더 뮤지컬 라이브,13010,257195000,20210328
20197434,자산어보,342357,3015064490,20211019
20216673,더 박스,119152,929654830,20210414
20216432,최면,51661,471306350,20210406
20215850,고질라 VS. 콩,698632,6727474690,20210426
20216372,스파이의 아내,5695,50843420,20210329
20216686,아이카,995,9293500,20210325
20216894,트웬티 해커,1409,8728000,20210327
20215931,특명: 스피드 레스큐,406,2038000,20210329
20216494,커피 오어 티,3766,27529470,20210331
20216492,노바디,130238,1243188220,20210426
20205155,"조제, 호랑이 그리고 물고기들",28671,255281620,20230510
20190683,아무도 없는 곳,15636,132584520,20210406
20214847,해길랍,11383,99285280,20210406
20173226,패왕별희 디 오리지널,139937,1287422150,20240401
20198123,아틱,11296,84686810,20210401
19900204,죽은 시인의 사회,74095,591216680,20250203
20201841,부활,18391,147132680,20210405
20199630,어른들은 몰라요,28903,282118390,20210427
20200065,더 파더,30226,258831630,20210419
20208616,간이역,2554,22492340,20210407
20215750,피넛 버터 팔콘,2245,20483010,20210407
20215803,타인의 친절,7409,61737470,20210413
20216523,모탈 컴뱃,36970,380790170,20210414
20196801,비밀의 정원,6845,56484490,20210414
20124134,팅커 테일러 솔저 스파이,95541,720404400,20210412
20200246,부활: 그 증거,39120,318160320,20210411
20183003,서복,385409,3628177450,20210502
20215046,노매드랜드,64601,606720520,20210510
20194501,내일의 기억,335025,3036236660,20210902
20217402,유다 그리고 블랙 메시아,2625,22967200,20210422
20215809,잃어버린 얼굴 1895,9558,135487000,20210416
20216710,명탐정 코난: 비색의 탄환,227143,2140549210,20210522
20193068,비와 당신의 이야기,398407,3633209850,20210531
20202585,크루즈 패밀리: 뉴 에이지,228613,2013607800,20210611
20214763,내겐 너무 소중한 너,20613,187658890,20210518
20217218,아이들은 즐겁다,16881,139689930,20210509
20216703,더 스파이,309255,2847705830,20210818
20217278,마크맨,19150,146593100,20210504
20216961,코스믹 씬,4982,31711810,20210430
20216908,극장판 바다 탐험대 옥토넛 : 불의 고리 대폭발,13556,109676600,20210504
20217551,내가 죽기를 바라는 자들,47909,446540680,20210511
20217174,극장판 콩순이: 장난감나라 대모험,72672,637526330,20210523
20040598,해리포터와 아즈카반의 죄수,1858686,11705863040,20210508
20207384,어쌔신 프리스트 벡맨,1024,5248500,20210510
20217484,스파이럴,128928,1278892690,20210531
20200524,아들의 이름으로,21796,189465860,20210521
20217199,슈퍼노바,3895,31880410,20210513
20040462,빅 피쉬,74357,492505000,20210512
20216362,크루엘라,1978688,19209151280,20210804
20205041,분노의 질주: 더 얼티메이트,2290975,22052458060,20210731
20217478,도라에몽: 스탠바이미 2,81299,706586530,20210613
20200295,혼자 사는 사람들,8979,80898720,20210525
20217512,쇼크 웨이브 2,1881,9692500,20210521
20217739,크라이시스,1050,5482500,20210520
20194461,파이프라인,139818,1216420450,20210908
20216083,프로페서 앤 매드맨,15312,132584500,20210609
20207582,학교 가는 길,34118,260849980,20211217
20217500,보이저스,17476,145335030,20210602
20217573,굴뚝마을의 푸펠,21033,181006490,20210607
20090683,500일의 썸머,310975,2494987300,20250217
20217497,애플,5030,38030560,20210601
20218016,썰,594,5346000,20210526
20216241,인트로덕션,2935,26209320,20210601
20010241,브리짓 존스의 일기,10838,71465730,20210530
20217406,듄: 드리프터,2322,12048000,20210531
20218014,라이더스 오브 저스티스,4872,45900920,20210607
20217736,컨저링3: 악마가 시켰다,797370,8005123900,20210713
20217707,뱅드림! 로젤리아 에피소드Ⅰ: 약속,14428,130865310,20210617
20217121,낫아웃,7447,63110710,20210609
20217651,캐시트럭,230274,2173916790,20210924
20216685,루카,367687,3362843770,20210719
20204261,콰이어트 플레이스 2,863204,8549438360,20210915
20217881,실크 로드,703,6408460,20210609
20218240,여고괴담 여섯번째 이야기 : 모교,91524,835567970,20210629
20217692,아야와 마녀,28000,228901620,20210620
20202477,플래시백,2447,19684590,20210611
20216581,사랑하고 사랑받고 차고 차이고,12767,109233100,20210623
20201464,빛나는 순간,4066,30385840,20210630
20218022,그레타 툰베리,260,1992000,20210614
20204790,인 더 하이츠,49585,456783970,20210707
20217950,킬러의 보디가드 2,383034,3759701180,20210814
20209206,클라이밍,1295,9026570,20210616
20198161,미드나이트,105880,927551870,20210713
20192696,발신제한,950877,9076030990,20210727
20209515,메이드 인 루프탑,1794,14720400,20210623
20200416,크레센도,4230,35465230,20210629
20218006,체르노빌 1986,19691,162844900,20210704
20218345,괴기맨숀,29014,293382300,20210713
20218333,꽃다발 같은 사랑을 했다,46047,426329296,20240412
20191951,블랙 위도우,2957005,29942663770,20210824
20218827,BIFAN2021 판타스틱 단편 걸작선 1,20000,100000000,20210715
20217364,이번엔 잘 되겠지,4246,37940500,20210712
20218364,랑종,833226,8634013030,20211004
20218348,이스케이프 룸 2: 노 웨이 아웃,219208,2176955550,20210807
20217024,오필리아,9739,85993890,20210720
20217490,스페이스 잼: 새로운 시대,16407,150612300,20210720
20202185,방법: 재차의,170305,1518662510,20210810
20218391,보스 베이비 2,919925,8256928830,20210823
20218567,아이스 로드,26210,251148410,20210727
20200237,호스트: 접속금지,13218,122976600,20210727
20218647,액션히어로,1517,12943900,20210721
20030074,이도공간,1306,11375200,20210721
20218420,은혼 더 파이널,30644,292215290,20210805
20204117,모가디슈,3611510,34536896430,20211029
20135464,마세티 킬즈,7129,31219060,20210723
20218349,정글 크루즈,250883,2306561220,20210930
20192986,프리 가이 ,309036,3109910670,20211103
20217845,더 수어사이드 스쿼드,414471,4352617500,20210825
20209518,"우리, 둘",1913,14854910,20210730
20168708,피닉스,6392,53979500,20210801
20196270,싱크홀,2194102,21387214690,20211108
20218653,귀문,90721,781400370,20210906
20218815,블랙핑크 더 무비,13199,172729000,20210811
20218875,극장판 도라에몽: 진구의 신공룡,61417,531813150,20210817
20218834,그린 나이트,27554,256147280,20210929
20216050,팜 스프링스,4095,35308470,20210821
20193385,하이큐!! 땅 VS 하늘,37473,313219240,20210819
20217947,웬디,6473,45922870,20210812
20192194,인질,1634819,15567140870,20211103
20194980,박강아름 결혼하다,891,7791000,20210817
20218904,코다,74880,680104599,20220610
20218392,올드,114083,1097070560,20210925
20219381,퍼피 구조대 더 무비,57721,505210250,20210905
20021031,남색대문,7174,63233760,20210824
20218985,레미니센스,36409,336899400,20210831
20219331,여름날 우리,398019,3858756079,20230808
20219551,극장판 페이트/그랜드 오더 신성원탁영역 카멜롯 팔라딘; 아가트람,936,9600370,20210826
20060423,드림걸즈,721935,4551317500,20210830
20217742,샹치와 텐 링즈의 전설,1735164,17669574720,20211012
20218949,다이노 마이 프렌드,3951,33275540,20210829
20219822,맨 인 더 다크 2,77146,760008500,20210914
20219893,상견니 대만판 12화,4173,30592360,20210903
20219185,건파우더 밀크셰이크,33773,296690130,20210914
20190969,최선의 삶,6590,57930330,20210907
20219767,리스펙트,15824,102902600,20210914
20190815,보이스,1421580,13996113880,20211110
20200474,기적,710396,6593517210,20211117
20161872,너의 이름은.,3913248,31833885367,20240130
20190280,날씨의 아이,863730,7251940372,20241119
20209138,좋은 사람,4252,33184840,20210910
20210250,잔나비 판타스틱 올드패션드 리턴즈! x 넌센스 Ⅱ,16046,320905000,20210926
20010291,해리포터와 마법사의 돌,332061,2986736800,20210928
20216801,"극장판 포켓몬스터: 정글의 아이, 코코",212712,1932051080,20211024
20219311,말리그넌트,40453,425418970,20210927
20218604,극장판 짱구는 못말려: 격돌! 낙서왕국과 얼추 네 명의 용사들,206996,1963153090,20250606
20219770,캔디맨,48799,483390790,20211002
20210142,스틸워터,22114,183752500,20211025
20191061,007 노 타임 투 다이,1222296,11948538370,20211102
20219826,용과 주근깨 공주,63985,621588100,20211024
20218758,수색자,19548,148245190,20211005
20210610,레드 아워,1022,5192000,20211001
20218052,베놈 2: 렛 데어 비 카니지,2121625,21098268040,20211123
20203824,노회찬6411,24514,216978070,20211025
20210168,F20,22575,156163000,20211018
20139221,그래비티,3292521,32412291000,20211010
20191503,화이트데이: 부서진 결계,4414,41848580,20211008
20210242,쁘띠 마망,10481,96403770,20211013
20210182,매직 스쿨: 초보마법사 아우라의 대모험,7903,67310990,20211011
20218789,피어썸,2515,15848800,20211013
20010007,고양이를 부탁해,655,5448070,20211013
20200302,십개월의 미래 ,10959,76649900,20211020
20219096,타다: 대한민국 스타트업의 초상,8310,71036870,20211021
20217508,실: 인연의 시작,1868,18320080,20211015
20210304,스페이스 독 3: 트로피컬 어드벤처,3705,31580170,20211017
20210087,듄,1656287,18478093960,20240706
20219892,스피릿,10288,77830300,20211020
20183772,태일이,124835,1043745590,20221216
20219115,라스트 듀얼: 최후의 결투,55748,534174230,20211102
20219351,첫눈이 사라졌다 ,3018,20990470,20211022
20209143,휴가,3975,29313800,20211026
20217167,동백,13415,98791770,20211116
20210853,BIAF2021 한국 단편 경쟁 B,4895,24475000,20211026
20196006,그림자꽃,6248,50074370,20211110
20219820,한창나이 선녀님,6034,38655980,20211102
20210865,고장난 론,152171,1378250240,20211116
20210587,아네트,33071,287917950,20211109
20210662,애프터: 관계의 함정,15948,143475570,20211102
20202462,당신은 믿지 않겠지만,2565,16385900,20211028
20210682,바다 탐험대 옥토넛 : 육지수호 대작전,23380,202433700,20211114
20211102,더 하더 데이 폴,4264,30305800,20211101
20218256,이터널스,3048616,31716564110,20211214
20210262,세버그,7075,69536610,20211109
20191243,장르만 로맨스,518361,5192235940,20211228
20219894,빌리 홀리데이,4467,46999120,20211108
20210302,퍼스트 카우,3666,33040170,20211107
20203286,강릉,304200,3152097470,20211130
20210244,디어 에반 핸슨,105742,1065174550,20211224
20210301,귀멸의 칼날: 남매의 연,60315,597668430,20211121
20210937,아담스 패밀리 2,111348,976276720,20211224
20201876,1984 최동원,5322,49848810,20211113
20211313,"틱, 틱... 붐!",7757,70373780,20211115
20196264,유체이탈자,815149,7922361790,20220115
20211261,귀멸의 칼날: 나타구모산 편,39679,385345370,20211128
20205986,연애 빠진 로맨스,604674,6137328220,20220102
20210600,프렌치 디스패치,85651,923561150,20211222
20125048,호빗: 뜻밖의 여정,2827126,23524891776,20211119
20210752,뱅드림! 필름 라이브 세컨드 스테이지,32132,326116400,20211223
20181118,무녀도,4520,32685000,20211129
20217102,너에게 가는 길,9204,84346310,20211123
20210864,엔칸토: 마법의 세계,628878,5964273080,20220105
20134267,호빗: 스마우그의 폐허,2284568,17866599456,20211124
20219056,메이드 인 이태리,10133,88106950,20211130
20196763,고스트버스터즈 라이즈,113130,1058254730,20211214
20210663,라스트 나잇 인 소호,38443,369487680,20211207
20211271,귀멸의 칼날: 주합회의·나비저택 편,18271,174309210,20211205
20210303,킬링 카인드: 킬러의 수제자,8956,77064120,20211207
20212015,돈 룩 업,69789,680192470,20211221
20211413,몬스타엑스 : 더 드리밍,26672,425944000,20211214
20211831,극장판 소드 아트 온라인 -프로그레시브- 별 없는 밤의 아리아,33925,364020700,20220106
20210611,리슨,3085,26060700,20211209
20211176,마이 뉴욕 다이어리,9244,74207820,20211212
20188441,킹메이커,780819,7365363610,20220322
20210028,스파이더맨: 노 웨이 홈,7545831,75140632640,20220315
20010264,아멜리에,9574,86257330,20211226
20211927,BIAF2021 부천국제애니메이션페스티벌 기획상영展,557,3342000,20211215
20212077,노웨어 스페셜,4607,39583350,20220102
20210972,티탄,8026,81539900,20211216
20212217,라라와 크리스마스 요정,4423,37497040,20211225
20217197,끝없음에 관하여,1945,18477050,20211219
20211281,매트릭스: 리저렉션,208540,2090696680,20220109
20202433,괴짜들의 로맨스,8450,53086890,20220104
20194403,킹스맨: 퍼스트 에이전트,1023740,10275688870,20220207
20211768,신데렐라 2: 마법에 걸린 왕자,37947,333614220,20220104
20210952,스파이 캣,5605,45075899,20211222
20218415,드라이브 마이 카,55107,519753070,20220208
20217807,해피 뉴 이어,229478,2151885200,20220111
20211735,원샷,6430,6581000,20211231
20199882,경관의 피,681379,6714012120,20220206
20218390,램,13654,125564840,20220109
20218764,씽2게더,877349,8122785140,20220301
20193082,웨스트 사이드 스토리,115602,1184174740,20220204
20192354,특송,439188,4154042400,20220208
20210672,피드백,3264,25152200,20220111
19838068,해탄적일천,2294,22210040,20220110
20211932,아이 스틸 빌리브,310,3007000,20220110
20209269,미싱타는 여자들,1495,11334000,20220110
20212264,포 언투 어스,600,5400000,20220111
20200768,맛있는 여동생,259,1315000,20220111
20211177,하우스 오브 구찌,137653,1361647860,20220209
20211740,비욘드라이브 더 무비 : 엔시티 레조넌스,15966,239485000,20220118
20211241,클리포드 더 빅 레드 독,22784,204482310,20220118
20201965,해적: 도깨비 깃발,1336756,12504704990,20220425
20211529,청춘적니,5394,45958500,20220114
20212672,레지던트 이블: 라쿤시티,20865,190334670,20220124
20211238,도쿄 리벤저스,8841,74693700,20220121
20219626,어나더 라운드,29449,272213720,20220208
20223350,프리! 더 파이널 스트로크 전편,7905,77305370,20220203
20223398,장민호 드라마 최종회,9825,185762700,20220130
20212952,극장판 안녕 자두야: 제주도의 비밀,109003,958808820,20220220
20210666,원 세컨드,2021,17500900,20220127
20212134,극장판 천재 추리 탐정 셜록홈즈,1484,12962200,20220127
20219245,만년이 지나도 변하지 않는 게 있어,23057,199085110,20220331
20219816,인어가 잠든 집,6798,60572130,20220203
20198676,타오르는 여인의 초상,155405,1305223538,20220203
20205443,나일 강의 죽음,227890,2204666320,20220302
20212836,355,46795,406510590,20220330
20070063,해리 포터와 불사조 기사단,3696784,22950949160,20220210
20205261,나의 촛불,36895,369618970,20220221
20164621,덩케르크,2809062,24758760848,20220211
20223278,극장판 주술회전 0,714104,7128088558,20241224
20212708,시라노,22197,191150200,20220404
20211200,언차티드,730046,7111238100,20220329
20223302,리코리쉬 피자,12417,128277930,20220221
20208006,인민을 위해 복무하라,77649,702053190,20220420
20190299,이상한 나라의 수학자,526009,4991514520,20220412
20223308,극장판 바다 탐험대 옥토넛 : 해저동굴 대탈출	,25726,213143700,20220313
20212741,안테벨룸,94339,890535250,20220320
20223743,나이트메어 앨리,37694,371082220,20220312
20223902,에이핑크 스페셜 무비 : 혼,6467,32348500,20220304
20212973,더 배트맨,901534,9311288610,20220410
20223402,나이트 레이더스,821,6764400,20220303
20217391,소피의 세계,3161,27291700,20220308
20202689,우리가 사랑이라고 믿는 것,7695,72302730,20220308
20223828,나의 히어로 아카데미아 더 무비: 월드 히어로즈 미션,45752,443592220,20220322
20223953,블랙라이트,22852,210714720,20220315
20223804,레벤느망,4635,42366570,20220315
20223676,문폴,190606,1936780100,20220403
20199500,뜨거운 피,396773,3776162970,20220622
20210541,스펜서,76353,729236530,20220405
20216064,하늘의 푸르름을 아는 사람이여,9593,85200880,20220323
20223950,메리 미,9509,67264700,20220321
20223397,도어맨,4971,42165000,20220322
20223404,에펠,6213,57500330,20220327
20223583,벨파스트,10453,95095770,20220329
20223271,리디밍 러브,2566,21897700,20220325
20224069,뱅드림! 팝핀' 드림!,6916,68896440,20220402
20224143,킹 리차드,7067,68183200,20220330
20162365,신비한 동물사전,4668709,39355560448,20220326
20196906,스텔라,95349,860750300,20220610
20204431,모비우스,475928,4669517390,20220617
20200418,배니싱: 미제사건,35644,303823110,20220608
20224133,극장판 금빛 모자이크 땡큐!!,6555,32788000,20220617
20223403,극장판 시그널,6016,39210500,20220406
20219344,패러렐 마더스,6112,56850000,20220405
20223722,B컷,2396,17091700,20220401
20223980,드라이,4414,38712580,20220403
20217298,불도저에 탄 소녀,12408,104170240,20220615
20212724,앰뷸런스,111281,1120846810,20220419
20212618,수퍼 소닉2,313089,2838199410,20220615
20223614,루이스 웨인: 사랑을 그린 고양이 화가,38050,372244920,20220419
20219401,약속의 네버랜드,1396,9273700,20220408
20219310,말임씨를 부탁해,13279,102985170,20220419
20196669,앵커,169683,1643928610,20220617
20204845,공기살인,158265,1473339250,20220620
20212725,신비한 동물들과 덤블도어의 비밀,1195322,12304603580,20220621
20223923,하빗,1012,5122000,20220414
20212783,로스트 시티,112348,1018894850,20220624
20217123,복지식당,6303,47288100,20220517
20217023,그리스도 디 오리진,1368,13427300,20220417
20178501,니 부모 얼굴이 보고 싶다,416053,3946570280,20220626
20224142,세븐틴 파워 오브 러브 : 더 무비,46001,919763500,20220503
20223620,소설가의 영화,1956,18452400,20220422
20209348,쓰리: 아직 끝나지 않았다,7831,55407000,20220519
20224374,청킹맨션,1010,5078000,20220421
20224270,배드 가이즈,420224,3980408170,20250531
20211568,"아치의 노래, 정태춘",26364,253497520,20220606
20217982,서울괴담,109713,1048263490,20220516
20217769,봄날,34236,239876830,20220607
20224333,더 컨트랙터,11102,89015780,20220607
20212855,닥터 스트레인지: 대혼돈의 멀티버스,5882489,62627503410,20220621
20224301,몬스터 아카데미,14098,123397500,20220505
20223388,토르: 마법 검의 전설,7835,68464400,20220508
20210962,우연과 상상,23521,232344740,20220606
20223940,민스미트 작전,35596,339336480,20220608
20224148,극장판 엉덩이 탐정: 수플레 섬의 비밀,151304,1397689340,20220529
20217688,광대: 소리꾼,21766,167201770,20230627
20204548,범죄도시2,12686210,131223480300,20220725
20224223,엄마,18982,164652400,20220517
20223991,어부바,23814,187147470,20220609
20204665,EBS 댄스파티! ,10326,60636000,20220527
20210590,카시오페아,21634,193277300,20220628
20211421,매스,6602,60929700,20220524
20176068,나를 만나는 길,7952,73268100,20220530
20217334,안녕하세요,30083,229291360,20231205
20224782,파이어스타터,1506,7571000,20220520
20224304,피는 물보다 진하다,14075,89808100,20220605
20211382,오마주,8390,67244800,20220531
20224634,그대가 조국,330566,3082810870,20220708
19888010,시네마 천국,72263,480343100,20250705
20224476,윤시내가 사라졌다,784,6736000,20220525
20225055,뜨거운 피: 디 오리지널,13552,109583200,20220605
20218527,이공삼칠,6200,59859820,20220614
20143441,몬스터 싱어: 매직 인 파리,14000,121488120,20220601
20206257,브로커,1255885,12549800330,20220712
20206061,쥬라기 월드: 도미니언,2833242,29203942710,20220704
20224995,베르네 부인의 장미정원,2901,26930500,20220612
20135304,극장판 포켓몬스터DP: 기라티나와 하늘의 꽃다발 쉐이미,577402,5442074270,20220703
20224468,애프터 양,32739,319618320,20220628
20224891,특수요원 빼꼼,9929,92222100,20220606
20224882,마녀(魔女) Part2. The Other One,2806159,28919650670,20220805
20209273,재춘언니,4753,31157500,20220608
20194376,탑건: 매버릭,8220190,88262601794,20231120
20211872,감동주의보,762,6858000,20220613
20223839,버즈 라이트이어,342922,3499097860,20220713
20209297,니얼굴,9031,81155400,20220704
20210843,실종,10189,93490900,20220628
20224757,룸 쉐어링,12265,104716060,20220628
20212392,경아의 딸,6619,46625600,20220706
20209654,헤어질 결심,1863289,19332001357,20220830
20200155,모어,2805,21548700,20220623
20225114,극장판 윌벤져스 : 수상한 캠핑 대소동,26013,262047700,20220703
20225002,위대한 침묵,6916,64733570,20220705
20224732,미친 능력,2121,18906800,20220629
20224662,토르: 러브 앤 썬더,2711862,29461686903,20220802
20225183,프리! 더 파이널 스트로크 후편,17890,182356299,20220804
20212317,컴온 컴온,14983,140125700,20220720
20225788,비욘드 라이브 더 무비 : 샤이니 월드,2301,36816000,20220701
20211321,빅샤크4: 바다공룡 대모험,58315,520942680,20220717
19978805,큐어,13798,145322000,20220712
20225994,BIFAN2022 부천 초이스: 단편 1,8406,42030000,20220712
20225979,BIFAN2022 부천 초이스: 단편 2,4730,23650000,20220710
20225996,BIFAN2022 엑스라지 3,2053,10265000,20220709
20225987,BIFAN2022 엑스라지 4,2254,11270000,20220712
20225186,더 킬러: 죽어도 되는 아이,59996,599761160,20220727
20225237,명탐정 코난: 할로윈의 신부,486043,5066535124,20221029
20225175,엘비스,85319,916241130,20220731
20225180,뒤틀린 집,30207,287953800,20220719
20224791,그레이 맨,23646,226378160,20220722
20208446,외계+인 1부,1539009,15992376548,20221226
20209343,한산: 용의 출현,7252467,73612422982,20220920
20205362,미니언즈2,2263349,21951863534,20220904
20225293,썸머 필름을 타고!,22757,218095020,20220803
20225795,아이언 크로스: 노르망디 상륙작전,1005,5047000,20220721
20196410,비상선언,2052396,20877431368,20220905
20224713,멘,10014,91081960,20220726
20211792,헌트,4346803,44550232361,20220927
20225190,뽀로로 극장판 드래곤캐슬 대모험,434294,4066259335,20220822
20226207,비욘드 라이브 더 무비: 엑소의 사다리 타고 세계여행3,3453,56968000,20220729
20226107,극장판 도라에몽: 진구의 우주소전쟁 리틀스타워즈 2021,41533,392380998,20220809
20224965,DC 리그 오브 슈퍼-펫,237376,2232056701,20220828
20217826,육사오(6/45),1963542,19654265476,20221004
20226034,바다 탐험대 옥토넛 : 탐험선 대작전,72731,687171950,20220828
20212709,블랙폰,104242,1062665943,20220920
20219345,놉,405959,4604598975,20220908
20225637,뿌까의 짜장면파티,14943,90204500,20220819
20225448,불릿 트레인,139036,1522631475,20220906
20191162,녹턴,6739,52118100,20220824
20226200,귀멸의 칼날: 아사쿠사 편,15159,161204600,20220829
20225556,사랑할 땐 누구나 최악이 된다,16989,170757406,20220901
20215601,공조2: 인터내셔날,6979189,70890761007,20221109
20208721,리미트,64746,607235102,20220906
20225892,시맨틱 에러: 더 무비,53625,594608400,20220928
20226444,극장판 엄마 까투리: 도시로 간 까투리 가족,168246,1570366199,20221003
20183867,알라딘,12797927,109041960039,20220920
20226879,인생은 뷰티풀: 비타돌체,51956,1642670000,20220927
20226125,"어쩌다 공주, 닭냥이 왕자를 부탁해!",36939,356911082,20220918
20226679,쥬라기캅스 극장판: 공룡시대 대모험,22080,206702014,20220912
20225057,드래곤볼 슈퍼: 슈퍼 히어로,14940,162705689,20220918
20198317,인생은 아름다워,1163584,10831759521,20221124
20216224,오! 마이 고스트,5173,43627493,20220916
20226201,귀멸의 칼날: 장구저택 편,4188,42210600,20220917
20211472,늑대사냥,441406,4578201897,20221004
20227366,로보카폴리 안전교실 교통편,1800,10800000,20220919
20219628,정직한 후보2,897345,8433292162,20221115
20226957,아바타 리마스터링,230712,3895090540,20221004
19528001,사랑은 비를 타고,11688,49018857,20220921
20196776,프린세스 아야,15252,124082696,20220927
20226751,극장판 5등분의 신부,60641,654211200,20221027
20226568,애프터: 에버 해피,4221,34590600,20220923
20217624,컴백홈,43590,405690681,20221011
20226777,극장판 짱구는 못말려: 수수께끼! 꽃피는 천하떡잎학교,827170,8289250603,20221127
20226670,극장판 헬로카봇: 수상한 마술단의 비밀,223313,2094403018,20221023
20211244,성덕,5725,45715097,20221002
20208101,대무가,53214,490504164,20221018
20200523,물방울을 그리는 남자,5891,51710400,20221004
20227308,스파이더맨: 노 웨이 홈 '펀버전',25524,278607263,20221011
20227073,신 에반게리온 극장판,6517,74598300,20221007
20227452,엑스칼리버 더 뮤지컬 다큐멘터리: 도겸의 찬란한 여정,3126,73635500,20221005
20226739,고고다이노 극장판: 얼음공룡의 비밀,39999,368095402,20221010
20225729,스마일,100338,1068164072,20221025
20226726,극장판 검정고무신 : 즐거운 나의 집,16355,155671300,20221010
20227338,티켓 투 파라다이스,49340,471297764,20221018
20227304,오펀: 천사의 탄생,173750,1766090497,20221101
20226798,에브리씽 에브리웨어 올 앳 원스,371934,3938244829,20231013
20198461,리멤버,409797,3951751417,20221129
20226886,블랙 아담,777888,8026026008,20221115
20227225,귀못,41423,348694600,20221030
20226877,미혹,11430,94179791,20221025
20198429,자백,732280,7303306332,20221122
20226558,아인보: 아마존의 전설,45124,351526079,20221117
20211242,고속도로 가족,20749,162677300,20221108
20060048,브이 포 벤데타,438704,2830502458,20221102
20228062,살인청부업자,1640,13358200,20221103
20228046,미시즈 해리스 파리에 가다,4204,38671800,20221104
20227637,걸리버 리턴즈,4750,44019091,20221106
20217905,데시벨,895908,8812039457,20221212
20227751,가재가 노래하는 곳,10639,106519082,20221107
20224598,동감,482309,4691192897,20221204
20226254,블랙 팬서: 와칸다 포에버,2102015,22168419209,20221211
20228357,극장판 소드 아트 온라인 -프로그레시브- 짙은 어둠의 스케르초,15225,170821300,20221120
20227762,올빼미,3321661,32787033384,20230117
20227784,내 친한 친구의 아침식사,2551,23184300,20221110
20227514,폴: 600미터,79599,798579849,20221128
20228532,한산 리덕스,14298,131965281,20221122
20212665,심야카페: 미씽 허니,5252,48321096,20221119
20228297,유포자들,20406,132961400,20221129
20228254,그녀가 말했다,2149,15043000,20221122
20228190,스트레인지 월드,109090,940978231,20221215
20228631,양자경의 더 모든 날 모든 순간,12696,141414309,20221129
20210364,탄생,328194,2953108189,20221226
20227461,아마겟돈 타임,3865,31761093,20221125
20227445,원피스 필름 레드,189740,2028920154,20221224
20205106,압꾸정,605496,5706073161,20221221
20228602,엔시티 드림 더 무비 : 인 어 드림,52940,1058439600,20221205
20228045,본즈 앤 올,34306,354893319,20221205
20228313,"오늘 밤, 세계에서 이 사랑이 사라진다 해도",1214122,12252231909,20241201
20228308,극장판 뽀로로와 친구들: 바이러스를 없애줘!,213710,1924051100,20230115
20227885,프레이 포 더 데블,67906,687625480,20221219
20223740,크리스마스 캐럴,22207,212816880,20221213
20228277,더 메뉴,28875,296230200,20221218
20196478,영웅,3235712,31965032129,20230221
20228640,신비아파트 극장판 차원도깨비와 7개의 세계,427067,4079207618,20230117
20228655,스페이스 키드: 우주에서 살아남기,33086,256659850,20221223
20225061,아바타: 물의 길,10779111,137326597043,20230228
20228371,페르시아어 수업,4324,40000799,20221218
20215315,스위치,413119,3936493496,20230124
20228829,눈의 여왕5: 스노우 프린세스와 미러랜드의 비밀,132479,1224959348,20230103
20210140,젠틀맨,216418,2041270220,20230110
20228309,핑크퐁 시네마 콘서트 2: 원더스타 콘서트 대작전,34384,319876845,20221228
20227925,몬스터 신부: 101번째 프로포즈,29422,267201500,20230103
20224109,장화신은 고양이: 끝내주는 모험,823213,7801669571,20230212
20228555,더 퍼스트 슬램덩크,4865289,50874926509,20240123
20228652,3000년의 기다림,14982,147575560,20230110
20214823,유령,653094,6654060340,20230212
20228255,프린스 챠밍,12435,104220100,20230117
20224723,시간을 꿈꾸는 소녀,7328,59882395,20230117
20190808,교섭,1709074,17343926840,20230214
20228644,문맨,4614,37981916,20230114
20228895,캐리와 슈퍼콜라,87211,824147830,20230129
20229166,라일 라일 크로커다일,42295,411235744,20230124
20229551,상견니,365383,3644979238,20240125
20229205,메간,207364,2103639854,20230207
20229518,천룡팔부: 교봉전,16412,153012667,20230131
20239691,방탄소년단: 옛 투 컴 인 시네마,77180,1697772000,20230209
20227374,바빌론,191239,1918631268,20230221
19980074,타이타닉,883847,11436767230,20230221
20223565,다음 소희,75879,722271578,20230222
20229305,네가 떨어뜨린 푸른 하늘,26375,258307015,20230214
20193706,카운트,383399,3655626236,20230313
20230209,앤트맨과 와스프: 퀀텀매니아,1544233,16276220379,20230313
20228966,어메이징 모리스,92623,818896302,20230228
20210684,두다다쿵: 후후섬의 비밀,104055,933034449,20230302
20239573,서치 2,403997,3975527420,20230317
20202026,마루이 비디오,153522,1574142500,20230305
20230007,TAR 타르,6732,67819686,20230222
20239913,바다 탐험대 옥토넛 육지수호 대작전 : 열대우림을 지켜라!,32590,290132400,20230228
20228648,미녀와 야수: 마법에 걸린 왕자,6509,53356500,20230224
20226270,스즈메의 문단속,5570424,57072067306,20231107
20208962,대외비,747662,7389600358,20230321
20197654,소울메이트,246074,2392022369,20240603
20230495,아임 히어로 더 파이널,240539,5815856500,20230401
20227684,멍뭉이,189429,1774896586,20230414
20230340,에브리씽 에브리웨어 올 앳 원스+,103072,1060156214,20230404
20230533,"귀멸의 칼날: 상현집결, 그리고 도공 마을로",534370,6569259100,20230402
20230523,더 웨일,26580,261307155,20230307
20230200,똑똑똑,26524,253342125,20230315
20230608,틸,3560,32040000,20230314
20230081,샤잠! 신들의 분노,72691,769832057,20230324
20230199,플레인,33046,303908720,20230323
20230484,치킨래빗: 잃어버린 보물을 찾아서,68007,611429400,20230416
20210544,웅남이,309765,2837524871,20230418
20224780,모나리자와 블러드 문,16289,147766899,20230326
20230767,파벨만스,69612,704236972,20230410
20239905,꼬마돼지 베이브의 바다 대모험,8101,70915319,20230326
20230747,샷건 웨딩,2646,18666000,20230327
20226489,리바운드,687466,6606072075,20230509
20226410,던전 앤 드래곤: 도적들의 명예,292065,2917957873,20230418
20230641,오토라는 남자,35577,320114710,20230411
20227863,라이스보이 슬립스,19377,169154405,20230425
20231010,에어,103796,1012026465,20230418
20226881,뮤턴트 이스케이프,961,7911800,20230405
20231035,카구야 님은 고백받고 싶어 -첫 키스는 끝나지 않아-,14817,167116100,20230412
20231144,곰돌이 푸: 피와 꿀,3031,33443212,20230407
20231009,거울 속 외딴 성,34310,339148093,20230422
20231089,존 윅 4,1916688,19874100002,20230523
20230764,오글리스: 웰컴 투 냄새 마을,8611,74771876,20230409
20200154,킬링 로맨스,184059,1764566255,20230506
20179462,위대한 쇼맨,1735819,13737991127,20240723
20227890,슈퍼 마리오 브라더스,2387766,23494358688,20230611
20231244,렌필드,49670,467512449,20230502
20198482,드림,1121631,10779941417,20230531
20225865,옥수역귀신,240387,2567215600,20230513
20100312,인셉션,6014915,45149690940,20230425
20231004,65,4273,41605477,20230421
20070202,초속5센티미터,49859,306147229,20230420
20231106,아머드 사우루스: 기계공룡제국의 침략,6333,59170137,20230423
20231164,무명,19522,172107639,20230503
19688005,2001 스페이스 오디세이,8087,69169900,20230426
20210846,항구의 니쿠코짱!,6641,60758044,20230501
20231348,극장판 짱구는 못말려: 동물소환 닌자 배꼽수비대,727223,7213704222,20230611
20231496,가디언즈 오브 갤럭시: Volume 3,4204834,44314582255,20230627
20231071,치치핑핑의 쿵쿵따 탐험대,3602,21653000,20230504
20231544,"뮤지컬 공연실황, 알쏭달쏭 캐치! 티니핑 <신비한 상자를 열어라!>",7776,90663600,20230507
20231021,울지마 엄마,1181,8651000,20230508
20230943,스트리머,21966,197679600,20230531
20231437,문재인입니다,108278,1050219390,20230523
20218656,롱디,30183,249864100,20230516
20219473,나는 여기에 있다,15573,121217700,20230519
20231592,분노의 질주: 라이드 오어 다이,1771324,18453317152,20230620
20231029,슬픔의 삼각형,40645,399248480,20230529
20231481,메리 마이 데드 바디,18286,234442700,20230520
20226411,범죄도시3,10675973,104631878386,20230724
20231839,인어공주,644412,6635969409,20230620
20231677,남은 인생 10년,557775,5671172733,20240526
19960041,아기공룡 둘리-얼음별 대모험,93729,895049192,20230606
20228030,사슴의 왕,3221,26395767,20230526
20090860,포켓 몬스터 DP: 아르세우스 초극의 시공으로,578041,4462256100,20230625
20231603,라이드 온,7012,59237227,20230602
20219997,드림팰리스,3429,26447899,20230601
20232025,트랜스포머: 비스트의 서막,761475,7704777052,20230627
20231523,그 여름,3822,35063882,20230609
20231959,부기맨,10976,117333272,20230612
20211937,귀공자,673368,6615135856,20230711
20228930,엘리멘탈,7205607,70806508242,20230917
20231971,플래시,629888,6684355208,20230704
20231577,라방,1183,8281000,20230613
19870150,탑건,19346,157230200,20230614
20239611,너의 눈을 들여다보면,7283,72411533,20230620
20231935,아버지의 마음,3063,28152000,20230616
20231937,제이홉 인 더 박스,2677,54349000,20230619
20231931,슈가: 로드 투 디데이,3757,76526500,20230626
20232183,비의도적 연애담 스페셜,3640,54599000,20230618
20224596,인드림,1397,9779000,20230619
20232180,스파이더맨: 어크로스 더 유니버스,903786,9322690446,20230725
20227654,수라,21721,195476058,20230627
20232169,마마무: 마이콘 더 무비,617,12340000,20230621
20231589,파이어하트,16491,139248300,20230702
20232075,명탐정코난: 하이바라 아이 이야기 ~흑철의 미스터리 트레인,73175,762872200,20230704
20224579,악마들,77788,779134140,20230711
20232273,인디아나 존스: 운명의 다이얼,855266,8457395156,20230718
20232220,"2022 영탁 단독 콘서트 ""탁쇼""",36142,867307000,20230704
20231781,애스터로이드 시티,34076,335842630,20230704
20081375,샤이닝,10735,85617317,20230628
20231889,보 이즈 어프레이드,56910,568744384,20230718
20226584,기적을 믿는 소녀,7050,65468300,20230705
20232078,풍재기시,6409,55744054,20230707
20231773,빈틈없는 사이,20967,193079027,20230711
20232631,미션 임파서블: 데드 레코닝 PART ONE,4015548,40368323325,20230829
20232570,극장판 도라에몽: 진구와 하늘의 유토피아,73216,656027400,20230723
20223609,비밀의 언덕,2647,19189356,20230712
20226533,좋.댓.구,9779,85605336,20230718
20193879,비공식작전,1054518,10157093618,20230829
20232062,극장판 피노키오 위대한 모험,11070,96263756,20230716
20232601,틴에이지 크라켄 루비,31140,246159950,20230801
20232536,명탐정코난: 흑철의 어영,798578,7674986755,20231205
20231923,엔니오: 더 마에스트로,18647,177044711,20230717
20218541,밀수,5123219,49493037982,20230914
20232740,바비,561000,5501196356,20230814
20232778,인시디어스: 빨간 문,378033,3840169662,20230801
20232639,극장판 슈퍼윙스: 맥시멈 스피드,120118,1073190265,20230804
20232556,슈퍼 키드 헤일리,12641,116594853,20230722
20218935,더 문,495836,5002265746,20230814
20232491,핑크퐁 시네마 콘서트3 : 진저브레드맨을 잡아라,31534,273380000,20230801
20232854,헌티드 맨션,2814,23269238,20230726
20232836,몬스터 패밀리 2,103754,889704506,20230814
20204264,콘크리트 유토피아,3845091,37378676816,20230926
20232698,바다 탐험대 옥토넛 어보브 앤 비욘드 : 육지 넘어 하늘까지!,77321,681203150,20230827
20226500,달짝지근해: 7510,1377749,13358310671,20230926
20192995,보호자,124954,1212286191,20230828
20232618,런닝맨: 리벤져스,47099,398747100,20230820
20226431,오펜하이머,3217162,34200951046,20231003
20233052,메가로돈 2,123324,1290341499,20230827
20233014,타겟,419065,3953595786,20230919
20224667,잠,1466593,13862627830,20231010
20210868,강변의 무코리타,9396,83463432,20230829
20232629,마야 3: 숲속 왕국의 위기,37593,316584500,20230905
20233121,치치치 치킨의 비밀,4868,40851600,20230826
20223831,스파이 코드명 포춘,41234,382737131,20230905
20233075,신체모음.zip,53655,496923800,20230912
20233569,조이 라이드,7644,63253310,20230901
20231413,한 남자,10990,99052750,20230904
20233668,청춘 돼지는 외출하는 여동생의 꿈을 꾸지 않는다,2814,26485412,20230831
20231253,일주일간 친구,10311,116743850,20230908
20228016,"여름을 향한 터널, 이별의 출구",67313,689587300,20230927
20090379,해리 포터와 혼혈 왕자,2998532,20736539500,20230913
20211540,듣보인간의 생존신고,6156,56748256,20230907
20225824,치악산,11942,97783250,20230915
19398001,오즈의 마법사,11188,62396702,20230909
20232948,생츄어리: 마법의 소원나무,10149,85696700,20230910
20197122,1947 보스톤,1012420,9360399398,20231113
20234044,베니스 유령 살인사건,199480,1947491946,20230926
20233743,아이유 콘서트 : 더 골든 아워,84869,1984174500,20231013
20233643,닌자터틀: 뮤턴트 대소동,68333,617380430,20230924
20228819,30일,2163199,21238216241,20231128
20227410,천박사 퇴마 연구소: 설경의 비밀,1909031,18573082413,20231025
20233411,그란 투리스모,94255,937634298,20230926
20223896,거미집,311013,2980906162,20231017
20234273,힙노틱,2669,23969039,20230920
20233235,가문의 영광: 리턴즈,162547,1565149809,20231002
20233597,아르고 원정대: 꼬마 영웅 패티의 대모험,71345,650089314,20231002
2023C685,플로라 앤 썬,21116,158119400,20231004
20234281,더 넌 2,353993,3683182055,20231017
20233879,크리에이터,253096,2685167399,20231017
20234099,극장판 엉덩이 탐정: 미스터리 가면 ~최강의 대결,135402,1234593827,20231015
20234174,80일간의 세계일주,18777,166309850,20231002
20233763,드림쏭2,6850,65257368,20231003
20234277,사나: 저주의 아이,70173,688753600,20231017
20212667,화사한 그녀,94868,878620500,20231031
20227626,화란,255324,2462683208,20231030
20234253,퍼피 구조대: 더 마이티 무비,166362,1519160747,20231112
20234519,시수,9474,84969152,20231031
20234104,나의 행복한 결혼,3047,22096031,20231011
20234155,만강홍: 사라진 밀서,3276,27166056,20231012
20234133,"기억해, 우리가 사랑한 시간",8196,73527050,20231014
20234213,익스펜더블 4,57231,549258114,20231024
20234853,엑소시스트: 믿는 자,78260,808544882,20231029
20233178,블루 자이언트,102656,997432613,20231114
20234663,바람 따라 만나리 : 김호중의 계절,37358,862182500,20231028
20231634,괴담만찬,11867,89175034,20231020
20224517,용감한 시민,263384,2415408702,20231114
20232894,플라워 킬링 문,161754,1529850989,20231112
20233653,마브카 : 숲의 노래,36704,319042570,20231029
20200622,소년들,462096,4386148187,20231121
20234664,그대들은 어떻게 살 것인가,1996953,19432763734,20231213
20231681,오픈 더 도어,13956,112603400,20231031
20235173,더 킬러,10048,85100700,20231031
20225894,뉴 노멀,74944,730709402,20231114
20230981,빌리와 용감한 녀석들: 황금 달걀 구조대,8594,77815610,20231029
20217425,더 와일드: 야수들의 전쟁,40621,356404500,20231127
20227676,두 사람을 위한 식탁,5400,39617256,20231030
20234666,톡 투 미,175373,1676339334,20231120
20199950,조커,5274455,45662734984,20231106
20234667,키리에의 노래,7822,68947426,20231101
20235044,녹야,9981,78827500,20231108
20233744,시뮬런트,8278,70605653,20231103
20234938,극장판 아이돌리쉬 세븐; 라이브 4비트 비욘드 더 피리어드 - 데이 2,15886,136136331,20231109
20235459,테일러 스위프트 디 에라스 투어,20451,565695000,20231112
20234722,마이 샤이니 월드,16090,362767000,20231110
20234946,원 모어 찬스,9225,59479800,20231107
20235034,더 마블스,686000,6799775447,20231129
19820019,만추,852863,6372519900,20231108
20228210,괴인,9721,75451768,20231114
20212866,서울의 봄,13119454,127851309206,20240213
20234816,극장판 아이돌리쉬 세븐; 라이브 4비트 비욘드 더 피리어드 - 데이 1,12348,104527808,20231109
20230966,사채소년,24632,182369400,20231205
20235030,프레디의 피자가게,709645,6934650101,20231217
20234797,헝거게임: 노래하는 새와 뱀의 발라드,181617,1774917370,20231204
20081056,다크 나이트,4271842,28621597864,20231121
20235004,여귀교- 저주를 부르는 게임,11275,101713781,20231116
20235631,비투비 타임 : 비투게더 더 무비,28008,560098500,20231129
20234293,이빨요정 비올레타: 요정나라로 돌아갈래!,53554,447481200,20231203
20202247,싱글 인 서울,390229,3651712024,20231221
20234114,괴물,564291,5565890987,20241129
20070216,시간을 달리는 소녀,100655,696560250,20231122
20234957,스노우 폭스: 썰매개가 될 거야!,91709,735793046,20231215
20190324,3일의 휴가,496721,4688224385,20231226
20144741,매드 맥스: 분노의 도로,3944729,34038842365,20240611
20235261,극장판 파워 디지몬 더 비기닝,25513,248617300,20231204
20136803,겨울왕국,10324794,82736415601,20231203
20197803,겨울왕국 2,13766393,115011734774,20231205
20234798,극장판 우당탕탕 은하안전단: 진정한 용기!,31448,238935560,20231210
20235098,나폴레옹,220345,2199733317,20231221
20235697,엔시티 네이션 : 투 더 월드 인 시네마,19906,442017500,20231210
20020186,헤드윅,44967,351969698,20231206
20235360,매직 프린세스: 얼음 괴물과 사라진 열쇠의 비밀,8208,69402257,20231211
20234673,뽀로로 극장판 슈퍼스타 대모험,360514,3306597292,20240109
20070458,냉정과 열정사이,51851,416434810,20231211
20203702,노량: 죽음의 바다,4560367,44887513500,20240131
20235698,쏘우 X,60005,624318738,20231219
20235980,말하고 싶은 비밀,100192,978776159,20240109
20235596,트롤: 밴드 투게더,401096,3705116647,20240109
20235353,길위에 김대중,110919,1068022451,20240128
20235693,리빙: 어떤 인생,7805,74317357,20231218
20235647,노 엑시트,9480,78640789,20231219
20235735,아쿠아맨과 로스트 킹덤,856506,8778541594,20240109
20233299,크레센도,41365,439910400,20240102
20235923,사랑은 낙엽을 타고,3117,28230517,20231220
20236146,신차원! 짱구는 못말려 더 무비 초능력 대결전 ~날아라 수제김밥~,944400,9132604136,20240505
20236045,"바다 탐험대 옥토넛 어보브 앤 비욘드: 버드, 옥토경보를 울려라!",60669,495304260,20240107
20235583,인투 더 월드,334938,3048529232,20240206
20236080,류이치 사카모토: 오퍼스,31195,286201031,20231231
20235290,도티와 영원의 탑,56177,521159249,20240102
20235834,위시,1391091,13267978310,20240206
20235253,외계+인 2부,1417030,13664692331,20240206
20236557,스즈메의 문단속: 다녀왔어,24135,243052491,20240115
20236907,지오디 마스터피스 더 무비,34165,783317000,20240202
20206946,시민덕희,1708356,16127400097,20240521
20124315,엔드 오브 에반게리온,17182,177705241,20240122
20235854,덤 머니,30358,281624290,20240123
20236464,도그맨,42215,395229088,20240130
20212668,도그데이즈,358519,3484709967,20240221
20230956,세기말의 사랑,6224,52512395,20240126
20236180,웡카,3526209,33906635610,20240331
20234730,추락의 해부,86968,853902026,20240305
20246964,정글번치: 월드투어,42827,350481400,20240212
20247074,건국전쟁,1169975,10874040824,20240326
20247383,청춘 돼지는 책가방 소녀의 꿈을 꾸지 않는다,3976,35623067,20240201
20236776,비욘드 유토피아,10346,99539504,20240206
20211477,데드맨,236304,2255855548,20240220
20231415,소풍,346451,3085376943,20240430
20234581,아가일,138800,1426625820,20240220
20246966,아기상어 극장판: 사이렌 스톤의 비밀,100262,887041204,20240229
20226638,아네모네,1769,15228339,20240207
20247076,"귀멸의 칼날: 인연의 기적, 그리고 합동 강화 훈련으로",482156,5467947300,20240312
20247227,우견니,13577,108422441,20240219
20247158,에스파: 마이 퍼스트 페이지,3247,69549000,20240214
20246989,스노우 퍼핀즈,8249,68452834,20240217
20247038,DMZ 동물 특공대,21568,159532520,20240229
20234675,파묘,11902097,115042001240,20240514
20247219,사운드 오브 프리덤,51500,560804800,20240311
20234641,극장판 츠루네: 시작의 한 발,11526,104314080,20240228
20247063,바튼 아카데미,22587,214075896,20240301
20247444,월레스와 그로밋 더 클래식 컬렉션,11340,169751000,20240228
20235145,기적의 시작,16575,139392896,20240227
20040695,이프 온리,1027845,6865685260,20240223
20247437,브레드이발소: 셀럽 인 베이커리타운,200628,1717595580,20240504
20236295,듄: 파트2,2010321,23551119449,20240709
20234789,패스트 라이브즈,114943,1062543631,20240329
20247473,아이엠 티라노,45256,380985500,20240310
20236488,밥 말리: 원 러브,33938,308060744,20240320
20236732,가여운 것들,148224,1480918208,20240402
19970037,비트,5319,37540100,20240307
20230614,대결! 애니메이션,4244,30566263,20240306
20234808,생츄어리 2 : 쿼카가 너무해,7413,67141807,20240310
20236714,극장판 스파이 패밀리 코드 : 화이트,261502,2611007725,20240407
20232134,돌핀,1363,12154000,20240312
20247053,메이 디셈버,26428,246377850,20240319
20247782,랜드 오브 배드,43071,368330257,20240326
20247198,마담 웹,13442,125859460,20240318
19980003,태양은 없다,3371,24874900,20240313
20247593,용감한 돌고래 벨루와 바닷속 친구들,21720,159171880,20240324
20235562,인어공주: 마법물약의 비밀,8298,71792045,20240317
20247962,나이트 스윔,14090,133484800,20240324
20236568,목스박,16460,144823705,20240401
20247573,왓츠 러브,3138,27583751,20240321
20231459,탐정 말로,15385,115587600,20240326
20248393,이승윤 콘서트 도킹 : 리프트오프,11079,254205000,20240325
20231041,댓글부대,970344,9220699394,20240425
20248496,고질라 X 콩: 뉴 엠파이어,506726,5076739231,20240421
20219375,1980,36829,331141064,20240402
20235838,악은 존재하지 않는다,38988,383426243,20240424
20247780,비키퍼,98966,924006103,20240415
20248222,기동전사 건담 시드 프리덤,58401,634925983,20240705
20236230,씬,31745,290240626,20240409
20247673,오멘: 저주의 시작,177093,1821425750,20240423
20201502,유미의 세포들 더 무비,68686,538602730,20240414
20235613,스턴트맨,208520,2127146068,20240514
20236614,쿵푸팬더4,1766417,16493657847,20240519
20247294,골드핑거,31295,278450503,20240416
20248586,슈가│어거스트 디 투어 ‘디-데이’ 더 무비,24919,713360500,20240417
20228797,범죄도시4,11495435,109984206690,20240625
20248513,바람의 세월,15592,144910305,20240427
20248466,고스트버스터즈: 오싹한 뉴욕,50743,465388103,20240506
19950095,레옹 ,66460,496937450,20240430
20249318,챌린저스,74759,735664108,20240519
20247355,여행자의 필요,4099,37509039,20240429
20234619,로봇 드림,53440,513061747,20240925
20248493,몬스터 프렌즈,8040,67506195,20240430
20249353,꼬마참새 리차드: 신비한 보석 탐험대,24458,201190700,20240507
20233271,땅에 쓰는 시,7417,67864786,20240429
20203557,그녀가 죽었다,1236562,11805449996,20240709
20249313,"포켓몬스터: 성도지방 이야기, 최종장",150856,1329479845,20240512
20249133,극장판 실바니안 패밀리: 프레야의 선물,18171,145068110,20240506
20249517,애비게일,9305,73664350,20240517
20247783,혹성탈출: 새로운 시대,901098,9116743631,20240604
20249317,악마와의 토크쇼,90836,878298300,20240528
19950084,쇼생크 탈출,48947,428252356,20240521
20170321,목소리의 형태,282256,2223835814,20240510
20162629,하이큐!! 끝과 시작,104286,760324000,20240511
20249507,극장판 하이큐!! 쓰레기장의 결전,733903,7530018637,20241030
20249490,목화솜 피는 날,1052,9468000,20240513
20249305,가필드 더 무비,339094,2996702272,20240823
20236674,이프: 상상의 친구,100788,908411978,20240528
20249416,청춘 18X2 너에게로 이어지는 길,104586,1013696454,20240604
20236653,퓨리오사: 매드맥스 사가,1600701,16441962642,20240702
20249300,별처럼 빛나는 너에게 더무비-일섬일섬량성성 ,6049,58388700,20240527
20234045,설계자,514448,4630008794,20240611
20247860,바커스: 슈퍼스타가 될 거야,8546,60523600,20240602
20248879,드림 시나리오,24283,201355528,20240604
20249845,결속밴드 라이브 -항성-,3919,33111500,20240529
20179985,코코,3520878,27805505382,20240530
20191143,원더랜드,620887,5877111293,20240625
20240162,빼꼼: 미션 투 마스,9411,64112650,20240602
20249534,분노의 강,11608,98993917,20240604
20240195,명탐정 코난 VS 괴도 키드,107277,1062633900,20240616
20247397,존 오브 인터레스트,179204,1784417369,20240709
20240397,김준수 콘서트 무비 챕터 원 : 레크리에이션,33094,755247000,20250620
20248615,금지된 장난 ,2547,18766295,20240605
20240125,나쁜 녀석들: 라이드 오어 다이,128353,1275460573,20240612
20218459,드라이브,69277,624648809,20240620
20235974,인사이드 아웃 2,8760451,84145466806,20240820
20208245,핸섬가이즈,1767644,16520148189,20240806
20248465,하이재킹,1771095,16822849452,20240730
20240242,키타로 탄생 게게게의 수수께끼,23907,256735500,20240626
20240641,밤낚시,40131,44484000,20240630
20240479,타로,11413,108127400,20240615
20212932,탈주,2554562,24171597545,20240813
20240553,몽키맨,6627,46389000,20240618
20234622,북극백화점의 안내원,17585,155704700,20240625
20234413,프렌치 수프,31910,301533217,20240702
20240189,"1초 앞, 1초 뒤",18418,160354824,20240625
20247811,콰이어트 플레이스: 첫째 날,548916,5345548335,20240716
20241342,우마무스메 프리티 더비 로드 투 더 탑,3800,37325276,20240628
20167301,아가씨(확장판),27689,234972650,20240702
20240541,언더더씨: 마법 산호초를 찾아서,19344,162477855,20240707
20240926,만천과해,12815,97470700,20240710
20235926,퍼펙트 데이즈,100401,946768994,20240812
20030003,클래식,20055,146423873,20240703
20208911,탈출: 프로젝트 사일런스,681789,6647496989,20240730
20240735,러브 라이즈 블리딩,12709,86489200,20240712
20240850,극장판 도라에몽: 진구의 지구 교향곡,80829,693079100,20240801
20240984,박정희: 경제대국을 꿈꾼 남자,3707,35536839,20240710
20241343,우마무스메 프리티 더비 새로운 시대의 문,46507,496800589,20240801
20240781,플라이 미 투 더 문,33283,310480013,20240718
20224666,파일럿,4710803,43152804201,20241022
20240983,명탐정 코난: 100만 달러의 펜타그램,707842,6882617214,20240813
20241002,이매큘레이트,17665,164071473,20240723
20248880,그리고 바통은 넘겨졌다,2528,15860700,20240717
19960126,비포 선라이즈,71554,603846503,20240722
20241984,2023 영탁 단독 콘서트 : 탁쇼2,25607,640030500,20240726
20247440,슈퍼배드 4,1539379,14002048857,20240825
20247781,데드풀과 울버린,1962077,20329419968,20240826
20242349,이준호 콘서트 : 다시 만나는 날,4327,108169000,20240724
20249733,사랑의 하츄핑,1222520,10972637392,20241020
20242098,헬로카봇 올스타 스페셜,32355,265288100,20240805
20233038,리볼버,223135,2086981887,20240813
20212336,수카바티: 극락축구단,8563,76476978,20240802
20231042,빅토리,503486,4507399767,20240930
20241591,블랙핑크 월드투어 [본 핑크] 인 시네마,11331,283124000,20240806
20204271,행복의 나라,696518,6438467134,20240903
20241924,극장총집편 봇치 더 록! 전편,45340,520106200,20240813
20241337,트위스터스,615325,6387922869,20240910
20229365,필사의 추격,95325,844053025,20240827
20249188,에이리언: 로물루스,1998630,20405247130,20240930
20242473,세븐틴 투어 ‘팔로우’ 어게인 투 시네마,54811,1369972500,20240822
20240328,10 라이브즈,25700,204882100,20240818
20242911,마야,19158,239011250,20240820
20225969,늘봄가든,375009,3613800477,20240910
20241098,극장판 블루 록 -에피소드 나기-,100110,900996900,20241212
20240925,"안녕, 할부지",250528,2317495639,20240930
20242794,임영웅│아임 히어로 더 스타디움,350215,9926099500,20241022
20200162,소년시절의 너,280407,2582743880,20240927
20226545,한국이 싫어서,46298,396500041,20240903
20240104,이매지너리 ,7233,51290400,20240828
20240669,비틀쥬스 비틀쥬스,100701,996245806,20240912
20244142,레드불 T1 다큐멘터리 : 함께 날아오르다,5022,99395000,20240904
20242541,룩백,270293,2607717414,20241014
20234437,코마다 위스키 패밀리,3390,22773200,20240905
20239670,베테랑2,7514196,72367797714,20241031
20249554,스픽 노 이블,37026,365364210,20240917
20243722,캐시 아웃,4984,41834900,20240912
20243922,우리가 끝이야,3566,22049400,20240913
20243824,오지: 사라진 숲을 찾아서,46784,363898225,20240922
20242495,브레드이발소: 빵스타의 탄생,262251,2261179500,20241027
20243721,정국: 아이 엠 스틸,40763,1018515500,20241002
20249400,새벽의 모든,14535,134765500,20240924
20249899,트랜스포머 ONE,352261,3292701045,20241015
20248492,와일드 로봇,679109,6160505545,20241124
20232949,대도시의 사랑법,875383,8269152910,20241119
20244002, 극장총집편 봇치 더 록! 후편,24625,247677400,20241002
20234613,더 커버넌트,41568,373978850,20241013
20249434,조커: 폴리 아 되,607550,6335425800,20241021
20244001,"극장판 엉덩이 탐정: 안녕, 나의 영원한 친구",35874,305570450,20241006
2022B512,명탐정 코난: 시한장치의 마천루,82745,804597490,20241015
20227979,보통의 가족,643746,5984497370,20241112
20233218,6시간 후 너는 죽는다,50512,513391100,20241118
20040734,노트북,818652,6268446940,20241105
20244364,할머니가 죽기 전 백만장자가 되는 법,4407,31387100,20241010
20244341,너의 색,23395,212227600,20241015
20248553,최소한의 선의,1111,9999000,20241015
20241497,스마일 2,52585,516010570,20241029
20244801,"하이라이트: 라이츠 고 온, 어게인 인 시네마",5289,132203000,20241016
20248129,엘리자벳: 더 뮤지컬 라이브,30447,746426800,20241027
20185249,더러운 돈에 손대지 마라,81253,756823080,20241025
20244944,아이브 더 퍼스트 월드투어 인 시네마,18406,417994000,20241023
20233057,아마존 활명수,603874,5368806780,20241129
20240941,베놈: 라스트 댄스,1759962,17219951588,20241202
20236228,오후 네시,36138,304839600,20241111
20239574,세상 참 예쁜 오드리,3537,33360800,20241024
20244513,룸 넥스트 도어,24033,219812150,20241104
20233217,더 킬러스,6807,46586000,20241025
20245586,집이 없어 - 악연의 시작,1896,1902000,20241025
20244587,리틀 엠마,21245,151284900,20241104
20244945,마이펫의 컴백홈 어드벤처 ,7747,59602450,20241027
20233261,청설,795135,7424405260,20241209
20243696,연소일기,21433,187942120,20241119
20242375,롱레그스,33726,294649100,20241105
20236319,하와이 연가,3852,36421000,20241031
20245399,4분 44초,43216,172838000,20241113
20244257,호두까기 인형과 마술피리,9522,81223850,20241103
20242248,글래디에이터 Ⅱ,901333,8788548940,20241210
20245078,레드 원,52460,525334080,20241112
20245121,데드라인,40209,287618700,20241123
20244912,아노라,68992,683323920,20250311
20247574,아메바 소녀들과 학교괴담: 개교기념일,17560,158946700,20241112
20242170,빌리와 용감한 녀석들: 스노우 베어 구조대,21827,170118700,20241117
20190353,사흘,197965,1857828340,20241126
20241180,"괜찮아, 앨리스",10487,94394200,20241113
20179281,컨택트,650576,5377512051,20241119
20240774,4월이 되면 그녀는,8009,51080600,20241115
20225184,히든페이스,1005171,9522512040,20241223
20245781,극장판 오버로드 성왕국편,2040,19515160,20241114
20247693,위키드,2233786,22058434050,20250203
20245801,나의 히어로 아카데미아 더 무비: 유어 넥스트,66726,650883900,20241207
20247017,대가족,324530,2862931700,20250124
20244903,저니 투 베들레헴,10194,94550500,20241201
20200142,소방관,3836189,36103550170,20250125
20240737,모아나 2,3526383,32567983790,20250121
20245671,백현: 론스달라이트 닷 인 시네마,5987,149673500,20241201
20246484,여름날의 레몬그라스,12162,70045700,20241209
20240513,에드워드 호퍼,7311,59353060,20241203
20212352,1승,313518,2738795730,20241220
20245774,나 혼자만 레벨업 -리어웨이크닝- ,6125,62196100,20241202
20242247,애시드 레인: 죽음의 비,3915,31853500,20241203
20246609,"플레이브 팬 콘서트 ‘헬로, 아스테룸!’ 앙코르 인 시네마",20397,598436500,20241208
20235994,원정빌라,14179,114294700,20241210
19940343,포레스트 검프,24551,182985419,20241210
20244546,"알엠: 라이트 피플, 롱 플레이스",2289,56939000,20241205
20247347,투모로우바이투게더 : 하이퍼포커스 인 시네마,3216,44802500,20241205
20235905,티처스 라운지,6283,57305614,20241210
20244762,서브스턴스,552214,5381102340,20250311
20246381,더 크로우,5423,44519000,20241211
20247430,퍼스트레이디,69175,673094620,20241223
20240193,무파사: 라이온 킹,833832,8188072950,20250119
20245977,극장판 짱구는 못말려: 우리들의 공룡일기,786770,7400869060,20250202
20246939,정동원 성탄총동원 더 무비,6496,162383000,20241218
20228796,하얼빈,4900863,46867384880,20250211
20050082,이터널 선샤인,533153,4103625492,20241224
20246201,니코: 오로라 원정대의 모험,48816,434131340,20241230
20246361,뽀로로 극장판 바닷속 대모험,428486,3672599110,20250429
20101224,해리 포터와 죽음의 성물1,2874043,20445427000,20241227
20244167,수퍼 소닉3,339618,3109068170,20250126
20246777,더 폴: 디렉터스 컷,154705,1593395100,20250222
20190300,보고타: 마지막 기회의 땅,405572,3750120960,20250114
20244850,시빌 워: 분열의 시대,88382,918009130,20250107
20248082,동화지만 청불입니다,164164,1526904040,20250121
20248447,페라리,20833,191831400,20250110
20246266,데드데드 데몬즈 디디디디 디스트럭션: 파트1,7025,57088900,20250108
20000067,러브레터,192218,1634281287,20250108
20235734,폭락,11802,103492900,20250117
20248508,노스페라투,4948,48772400,20250115
20111009,해리 포터와 죽음의 성물2,4443440,34923712100,20250123
20247450,검은 수녀들,1657383,16021588280,20250218
20233006,히트맨2,2535747,23881556680,20250225
20051060,극장판 포켓몬스터 AG: 뮤와 파동의 용사 루카리오,168709,1493033540,20250211
20244381,고스트캣 앙주,4161,32942100,20250122
20244604,꼬마 판다 팡의 아프리카 대모험,29036,245405000,20250204
20241110,아이유 콘서트 : 더 위닝,72861,1999959500,20250216
20224303,귀신경찰,52612,464023300,20250207
20223819,말할 수 없는 비밀,811097,7735761680,20250227
20240855,바다 탐험대 옥토넛 어보브 앤 비욘드 : 극지방 대작전,40070,369724700,20250209
20216476,브로큰,184882,1713971320,20250213
20175142,극장판 쿠로코의 농구 라스트 게임,74891,577077110,20250212
20248143,데드데드 데몬즈 디디디디 디스트럭션: 파트2,3045,26467700,20250205
20252039,"레드벨벳 해피니스 다이어리 : 마이 디어, 레베럽 인 시네마",4617,115421000,20250207
20248559,영화 러브 라이브! 니지가사키 학원 스쿨 아이돌 동호회 완결편 제1장,1703,16704460,20250206
20251712,9월 5일: 위험한 특종,9388,89782060,20250211
20242404,캡틴 아메리카: 브레이브 뉴 월드,1652658,16358523186,20250318
20251800,브루탈리스트,72639,726822620,20250306
20126686,미드나잇 인 파리,390943,2910979097,20250215
19988717,명탐정 코난: 14번째 표적,71897,678012940,20250225
20248710,엘리: 몬스터 패밀리,34012,283487700,20250223
20252058,첫 번째 키스,46376,365911400,20250312
20234689,괜찮아 괜찮아 괜찮아! ,105060,935284600,20250311
20252329,패딩턴: 페루에 가다!,119057,1032844200,20250309
20246270,써니데이,7676,66141400,20250220
20252194,영화 이상한 과자 가게 전천당,48745,409053100,20250303
20244361,히어 ,3801,27784620,20250219
20240614,퇴마록,490404,4656067400,20250330
20241093,"그 시절, 우리가 좋아했던 소녀",158879,1420582100,20250309
20252587,이찬원 콘서트 찬가: 디어 마이 찬스,47690,1186278000,20250314
20240147,컴플리트 언노운,54083,521628670,20250311
20236034,백수아파트,32784,291111680,20250303
20252719,힘내라 대한민국,65494,603928340,20250313
20244821,미키 17,3002495,29597898200,20250408
20252975,울프맨,3020,21140000,20250304
20249251,콘클라베,314141,2992126420,20250504
20241389,보더랜드,2371,15550600,20250305
20253113,플레이브 '대쉬' 인 시네마,32702,32702000,20250309
19910237,양들의 침묵,6848,61736400,20250307
20236573,침범,83767,753739300,20250327
20145141,위플래쉬,1717596,13887431845,20250323
20249564,노보케인,27898,251196200,20250318
20249325,에밀리아 페레즈,24727,201040400,20250318
20252551,화이트 버드,13570,100245300,20250318
20252795,제로베이스원 더 퍼스트 투어 [타임리스 월드] 인 시네마,1445,36125000,20250312
20253101,극장판 진격의 거인 완결편 더 라스트 어택,884406,9013127750,20250525
20252023,"초혼, 다시 부르는 노래",4888,47339000,20250314
20252503,200% 울프: 최강 푸들이 될 거야!,12153,92992900,20250316
20216726,스트리밍,97933,944966200,20250328
20243562,백설공주,186475,1753581970,20250406
20244317,고독한 미식가 더 무비,82288,764762280,20250401
20241827,플로우,173558,1662528460,20250428
20253092,악령: 깨어난 시체,32961,384556300,20250325
20203863,승부,2127984,19876180260,20250502
20138661,케이온,17687,155906531,20250326
20252976,3일,5184,5182500,20250320
20251552,컴패니언,14680,144318700,20250324
20233008,로비,257757,2437280740,20250421
20252890,라스트 마일,49141,408123120,20250414
20253297,기동전사 건담 지쿠악스 비기닝,35212,357796950,20250419
20236234,프랑켄슈타인 아버지,1686,15459000,20250331
20249250,브리짓 존스의 일기: 뉴 챕터,42312,387420120,20250429
20060045,스윙걸즈,67133,436214600,20250403
20253093,헤레틱,29400,232793100,20250409
20253233,세븐틴 [라잇 히어] 월드 투어 인 시네마,14728,395921500,20250406
20241910,공포특급,12420,102522100,20250408
20249475,목소리들,8772,81681000,20250403
20251573,미스터 로봇,20824,175704300,20250410
20232394,야당,3370806,31933356030,20250602
20246665,아마추어,94254,885520550,20250422
20171024,너의 췌장을 먹고 싶어,499783,3974807970,20250418
20253200,베러맨,25977,203890400,20250415
20081665,택시 드라이버,7788,68035220,20250416
20252543,드라이브 인 타이페이,16663,148791600,20250417
20253537,백설공주와 일곱난쟁이,21476,188510620,20250420
20235544,출동! 왕엉덩이 히어로: 털복숭이 꼬리도적단 소탕작전,8004,65405000,20250413
20253236,하보우만의 약속,8319,73491160,20250422
20253591,드롭,2919,20433000,20250415
20249269,마리아,17774,158780660,20250423
20253331,열혈검사,11955,80330600,20250425
20253471,사유리,10727,98209300,20250422
20240561,부전시장,5842,55381300,20250416
20253280,A MINECRAFT MOVIE 마인크래프트 무비,1355645,12718946270,20250603
20253797,극장판 프로젝트 세카이 부서진 세카이와 전해지지 않는 미쿠의 노래,84265,797874810,20250710
20218800,거룩한 밤: 데몬 헌터스,772903,7167134700,20250520
20253651,압수수색: 내란의 시작,51643,491185600,20250430
20030272,4월 이야기,15092,114402100,20250429
20246298,우리가 빛이라 상상하는 모든 것,7066,68830600,20250429
20240398,파과,543979,5196250500,20250529
20254062,"극장판 뱅드림! 잇츠 마이고!!!!! 전편: 봄의 양지, 방황하는 고양이",1518,13878500,20250424
20040564,카우보이 비밥-천국의문,1815,17020300,20250425
20253505,스노우 폭스2: 몬스터타운 구하기,35539,287579100,20250506
20253530,시크릿쥬쥬 마법의 하모니,53231,483324460,20250506
20246318,해피엔드,97595,955687350,20250527
20194912,바이러스,68864,618379660,20250515
20244883,썬더볼츠＊,917148,9233106460,20250527
20253924,쫑알쫑알 똘똘이: 이상한 마을 대모험,31436,289136400,20250506
20253595,괴수 8호: 미션 리컨,28833,275434220,20250512
20244971,기동전사 건담 역습의 샤아,8902,82284100,20250509
20254240,에이티즈 월드 투어 [투워즈 더 라이트 : 윌 투 파워] 인 시네마 ,3095,77375000,20250507
20246489,미션 임파서블: 파이널 레코닝,3380750,33145936990,20250708
20254466,위드 러브,2830,19810000,20250513
20253766,파이널 데스티네이션 블러드라인,73955,742448150,20250527
20253224,"다시 만날, 조국",19208,173700820,20250520
20246048,세븐 베일즈	,2668,17491700,20250514
20254861,라이즈 오디세이 프리미어 인 시네마,12818,78632000,20250518
20247590,릴로 & 스티치,479871,4522471310,20250622
20248633,주차금지,15024,112840070,20250527
20254687,"부정선거, 신의 작품인가",30218,270813360,20250528
20244961,그리드맨 유니버스,10017,81149220,20250604
20253956,나를 모르는 그녀의 세계에서,20221,176731200,20250526
20211791,하이파이브,1881386,17451913470,20250708
20254602,씨너스: 죄인들,68775,776901430,20250617
20254607,페니키안 스킴,24507,227709950,20250604
20254485,미야자키 하야오: 자연의 영혼,13536,111918700,20250604
20254481,알사탕,126815,634085000,20250706
20231495,소주전쟁,274568,2571461590,20250617
20254525,기타맨,8038,63848500,20250605
20254722,신명,779927,7425619380,20250715
20253094,아마데우스 오리지널 리마스터링,9457,92175300,20250610
20254805,단다단: 사안,1419,13531100,20250605
20247176,드래곤 길들이기,1769551,17749399130,20250717
20253922,브링 허 백,57349,484543000,20250618
20254931,인피니트 15주년 콘서트 리미티드 에디션 더 무비,14570,364237500,20250621
20236522,태양의 노래,19472,172233900,20250617
19990140,인생은 아름다워,155100,1110795500,20250624
20247591,엘리오,594716,5459579720,20250715
20233220,노이즈,1663490,16323745730,20250729
19930153,클리프행어 리마스터드,7104,43248000,20250620
20253923,극장판 닌자보이 란타로: 도쿠타케 닌자대 최강의 군사,27366,259546220,20250618
20255201,탐정 키엔: 사라진 머리,9879,112919800,20250624
20244993,기빗올: 우리들의 썸머,1372,11564800,20250618
20253114,28년 후,361365,3243528260,20250716
20255168,"극장판 뱅드림! 잇츠 마이고!!!!! 후편: 노래하자, 우리가 될 수 있는 노래 & 필름 라이브",3418,29417460,20250619
20254122,퀴어,14086,143900900,20250624
20254237,무명 無名,61049,575823500,20250715
20254501,F1 더 무비,2519637,27114945240,20250729
20030401,바람계곡의 나우시카,53209,504836880,20250709
19980211,라이언 일병 구하기,27283,236842130,20250714
20252527,쥬라기 월드: 새로운 시작,2188001,20852507050,20250729
20249729,슈퍼맨,851262,8603287560,20250729
20247638,괴기열차,96873,898683010,20250722
20254275,킹 오브 킹스,804285,7610124956,20250729
20255749,영화 코바야시네 메이드래곤 외로움쟁이 용,9422,88523700,20250714
19930253,델마와 루이스 ,22409,158685600,20250711
20255397,극장판 도라에몽: 진구의 그림이야기,81338,707911100,20250729
20254824,명탐정 코난: 척안의 잔상,561658,5529198300,20250729
20255645,세븐틴 월드 투어 '비 더 선',4293,85859500,20250712
20233227,전지적 독자 시점,742424,7405910160,20250729
20252526,메간 2.0,19491,185613950,20250722
20242717,커미션,11601,80583360,20250722
20255884,이상한 집,15344,140273000,20250720
20241941,좀비딸,21710,197048000,20250725
20256032,대탈출 : 더 스토리 특별판,1583,15723500,20250723
20252552,판타스틱 4: 새로운 출발,406342,4488685320,20250729
20254603,베베핀 극장판: 사라진 베베핀과 핑크퐁 대모험,95096,894128280,20250729
20247460,배드 가이즈 2,10736,106656000,20250726
